{"epoch": 10, "train_loss": 0.004956599344798581, "val_loss": 0.002020156002554603, "_timestamp": 1719430584.3573918, "_runtime": 3992.2571218013763, "_step": 9}