{"epoch": 11, "train_loss": 0.9314933920181908, "val_loss": 0.9353139095676891, "_timestamp": 1719519027.2142835, "_runtime": 7192.080568552017, "_step": 10}