{"epoch": 1, "train_loss": 3.776364398755992, "train_acc": 0.08884758364312267, "val_loss": 3.5774050323423467, "val_acc": 0.08955871191586252, "_timestamp": 1719444656.8945825, "_runtime": 264.4325954914093, "_step": 0}