{"epoch": 13, "train_loss": 3.4111673282646335, "train_acc": 0.13657063197026023, "val_loss": 3.460439369353851, "val_acc": 0.0867396725577361, "_timestamp": 1719434378.9726222, "_runtime": 2645.626645088196, "_step": 12, "_wandb": {"runtime": 2645}}