{"epoch": 12, "train_loss": 3.540769956603637, "train_acc": 0.09531554977228367, "val_loss": 3.511188439026921, "val_acc": 0.09806472597170271, "_timestamp": 1719509356.1917515, "_runtime": 1133.44579744339, "_step": 11, "_wandb": {"runtime": 1128}}