{"epoch": 10, "train_loss": 3.525373693402898, "train_acc": 0.11678594664931685, "val_loss": 3.50639728157356, "val_acc": 0.08277768742885022, "_timestamp": 1719455350.055301, "_runtime": 1029.6148250102997, "_step": 9, "_wandb": {"runtime": 1049}}