{"epoch": 20, "train_loss": 3.427314962463308, "train_acc": 0.12537174721189592, "val_loss": 3.5150902149269916, "val_acc": 0.10256966279952293, "_timestamp": 1719450041.318454, "_runtime": 5001.1455891132355, "_step": 19, "_wandb": {"runtime": 5000}}